date,Open,High,Low,Close,Volume
,NVDA,NVDA,NVDA,NVDA,NVDA
2023-06-26,42.432491709500844,42.73528968879071,40.07307674112564,40.60472106933594,594322000
2023-06-27,40.77160853354225,41.91184134069005,40.42084625845822,41.84788513183594,462175000
2023-06-28,40.63269972481745,41.81690545908025,40.4907967749422,41.089393615722656,582639000
2023-06-29,41.53009589413119,41.57206751161818,40.57273892901067,40.79458999633789,380514000
2023-06-30,41.65201747661018,42.521432314666136,41.47313679846607,42.273597717285156,501148000
2023-07-03,42.48844792467491,42.86919259981532,42.173660821040244,42.384517669677734,198209000
2023-07-05,42.1067086541188,43.1480088666597,42.0567429868184,42.28858947753906,323618000
2023-07-06,41.815908748676975,42.15068292310203,41.31824199558715,42.07473373413086,303582000
2023-07-07,42.29358237445178,43.184985563987055,42.151679425221936,42.47446060180664,355881000
2023-07-10,42.62836091679516,42.782256847848465,41.62103447108327,42.15167999267578,353908000
2023-07-11,42.45247888360537,42.72929334341537,42.03875917556284,42.376529693603516,298244000
2023-07-12,43.00410449451526,43.90549923284697,42.748275878823826,43.872520446777344,481277000
2023-07-13,44.48811258488501,46.12401074310035,44.46212906513595,45.94613265991211,478204000
2023-07-14,46.55172319456043,48.05571376740953,45.029746964144934,45.438472747802734,772075000
2023-07-17,46.25792415993447,46.464782104984714,45.231613235689295,46.429805755615234,510488000
2023-07-18,46.66964557192856,47.86384295444501,45.703295752651904,47.46211242675781,569164000
2023-07-19,47.432136125010175,47.78589856143542,46.71062071194178,47.04539489746094,427502000
2023-07-20,46.47577001952054,47.05538237311649,45.0317406575106,45.48943328857422,537865000
2023-07-21,45.757254315991084,45.83520487140858,44.07038798081477,44.27924728393555,963769000
2023-07-24,44.70096991726032,45.07871832138468,44.01043572473537,44.58205032348633,382516000
2023-07-25,44.91082723933574,46.15199009290992,44.89283776969056,45.64833068847656,348081000
2023-07-26,45.990100289718285,46.022080298497244,44.60003539984157,45.42148208618164,364237000
2023-07-27,46.48777031512932,47.363181660556975,45.71928557953061,45.86918640136719,455976000
2023-07-28,46.63667080068543,46.99543096103648,46.34986471563589,46.7186164855957,331194000
2023-07-31,46.722608945308956,47.09835593359222,46.474774365410504,46.69762420654297,251055000
2023-08-01,46.42880353138704,46.86851053327996,45.996095610984916,46.475772857666016,237858000
2023-08-02,45.80023626472473,45.8092290948943,43.357876606802805,44.23928451538086,530142000
2023-08-03,43.77059114765512,45.08770701221157,43.77059114765512,44.485111236572266,324176000
2023-08-04,44.95479320883142,45.61134971593833,44.36319168189379,44.64999771118164,362666000
2023-08-07,45.08071461988879,45.509427463028686,44.53308218630117,45.38650894165039,322154000
2023-08-08,44.82289407361515,45.21163290512549,44.026428157512775,44.6340217590332,353843000
2023-08-09,44.24427131811032,44.282247816533705,42.10570879075274,42.525428771972656,586449000
2023-08-10,42.13169907067991,43.54475135763228,41.80691647126187,42.35954666137695,492705000
2023-08-11,41.72296635669751,41.98978918777693,40.611713480681736,40.82756805419922,533085000
2023-08-14,40.4588166311825,43.77059069571262,40.283934893491555,43.7236213684082,690286000
2023-08-15,44.53008608139681,45.23761094961256,43.68065444037462,43.910499572753906,676512000
2023-08-16,44.49011241407516,44.64500713653826,43.37685806021179,43.45680618286133,527451000
2023-08-17,43.9404785824408,44.032415865763284,42.97212742620197,43.31489944458008,452395000
2023-08-18,42.60636858123668,43.54873614216459,41.632024826341635,43.26992416381836,583768000
2023-08-21,44.464131107978915,47.03340436768353,44.19231433927529,46.93547058105469,692573000
2023-08-22,48.10267536469448,48.15464239817795,45.30255878579824,45.637332916259766,755293000
2023-08-23,45.8352088507009,47.168312899804924,45.17764965557936,47.08436965942383,779046000
2023-08-24,50.18228804118617,50.23225371220406,47.127341093273124,47.1313362121582,1156044000
2023-08-25,46.980438460258725,47.77290532972233,44.993770374089465,45.98710632324219,925341000
2023-08-28,46.45079089513967,46.94845764081992,44.85786313408847,46.80355453491211,685192000
2023-08-29,46.63466937521741,49.04804888819601,46.35985248205318,48.75124740600586,701397000
2023-08-30,49.01107678862388,49.893483474805294,48.39249282528215,49.23093032836914,735206000
2023-08-31,49.346849822900985,49.710603865788684,48.925132248027246,49.32186508178711,528570000
2023-09-01,49.728593775552426,49.76656646527334,48.109678602925236,48.47643280029297,463830000
2023-09-05,48.190628778230135,48.81820938411966,47.82787348720718,48.515411376953125,382653000
2023-09-06,48.4124675938394,48.52040187168578,46.55256375973415,47.03327941894531,468670000
2023-09-07,45.498182570849345,46.31670033876854,45.125401208610924,46.21376037597656,433330000
2023-09-08,45.91494321497456,46.578549795234004,45.24433697550349,45.54515838623047,473069000
2023-09-11,46.12081612132712,46.13580667584193,44.28589904966943,45.151390075683594,473966000
2023-09-12,44.711644683644934,45.64609526594391,44.50476589129932,44.84356689453125,349256000
2023-09-13,44.57372912057882,45.90294758191361,44.47678613148132,45.45820999145508,398355000
2023-09-14,45.92293942337167,45.959916382473324,45.10442151314497,45.55415725708008,370097000
2023-09-15,45.314286993054964,45.572134413088484,43.78218921317514,43.87413787841797,506831000
2023-09-18,42.72281686656951,44.215936184285376,41.975256439611805,43.94009780883789,500271000
2023-09-19,43.80717720782653,43.94009827513682,42.97666548704609,43.494361877441406,373064000
2023-09-20,43.574321305043114,43.87714426347215,42.19813335401648,42.2141227722168,367108000
2023-09-21,41.558504470242454,42.075198207915804,40.955859044978006,40.992835998535156,450736000
2023-09-22,41.54750773927353,42.09019092808113,41.20670902536928,41.585487365722656,479236000
2023-09-25,41.566499482257406,42.51094250359211,41.15274189436024,42.19712829589844,419091000
2023-09-26,41.97625771314318,42.7947755047386,41.63046086209198,41.88631057739258,402282000
2023-09-27,42.3050663366097,42.84674687562001,41.60447906383656,42.4429817199707,444935000
2023-09-28,42.43498662299495,43.42040584820638,42.09019244907844,43.06361770629883,424663000
2023-09-29,43.8011831331208,44.11799774453881,43.28148898443914,43.4733772277832,397830000
2023-10-02,44.004059360800305,45.14838526378596,43.835160204850645,44.755619049072266,433298000
2023-10-03,44.78159946799548,45.1034121671623,43.220519465209826,43.49135971069336,470850000
2023-10-04,43.71623295909225,44.11699771323821,43.266497283456516,44.01505661010742,361821000
2023-10-05,44.02405361077508,44.873555244834996,43.862150279908775,44.661678314208984,393483000
2023-10-06,44.166966628350934,45.762027093274135,44.00006519130678,45.735042572021484,434436000
2023-10-09,44.81558816881038,45.578139267709204,44.34186831967445,45.246334075927734,409675000
2023-10-10,45.28330751838584,46.231745925219705,45.061438185078885,45.771018981933594,368582000
2023-10-11,46.16878585483191,46.83139730559126,46.02287195248952,46.77842712402344,378137000
2023-10-12,46.749446645978935,47.58095729211939,46.302711352295894,46.9173469543457,481325000
2023-10-13,46.93233297059444,47.08824310789531,45.25332242437659,45.4342155456543,474115000
2023-10-16,45.036458356873474,46.197772707429415,44.88554631741198,46.06785202026367,375099000
2023-10-17,43.97408457640043,44.72764209675683,42.45497937899436,43.9121208190918,812333000
2023-10-18,42.56591420178306,43.19354648553622,41.80036652222744,42.171146392822266,627294000
2023-10-19,42.78578325627493,43.27149704183871,41.85732962426039,42.076202392578125,501233000
2023-10-20,41.86531949846795,42.444979615932674,41.053797621487206,41.36261749267578,477266000
2023-10-23,41.20471789682862,43.222529794895785,40.92088476471772,42.94968795776367,478530000
2023-10-24,43.05162990785676,43.67126369773944,42.665859465062795,43.63728332519531,401463000
2023-10-25,43.37243657677688,43.62429085852798,41.53052363272983,41.754390716552734,398379000
2023-10-26,41.82834703800738,42.231109527965074,39.85650966502812,40.30224609375,541001000
2023-10-27,41.10577671411972,41.18173216586504,39.991431738659564,40.47614669799805,416784000
2023-10-30,41.06279917353452,41.7413962446929,40.45715333671765,41.13675308227539,388028000
2023-10-31,40.42617399708402,40.85492215187982,39.20689140883778,40.755977630615234,517969000
2023-11-01,40.85992224625753,42.35604230855743,40.84493168976348,42.30007553100586,437593000
2023-11-02,43.30247683018647,43.858149075327375,42.868734368129815,43.48037338256836,409172000
2023-11-03,43.99406856905828,45.28230687928524,43.69724264528921,44.97848892211914,424610000
2023-11-06,45.25832352062085,45.907942145910646,44.87254931814996,45.72404861450195,400733000
2023-11-07,45.69207169045335,46.190774498668894,45.13140131544397,45.92793273925781,343165000
2023-11-08,46.072846167662064,46.839396518994945,45.94092394446473,46.54656982421875,346719000
2023-11-09,47.43903409699533,48.201585067164196,46.72245745962616,46.922340393066406,540496000
2023-11-10,47.47202272481538,48.44345034341423,47.255151482276034,48.3065299987793,421245000
2023-11-13,48.29153187815876,49.0870643467763,48.07066140972394,48.59135437011719,384136000
2023-11-14,49.65073506752464,49.804643679009864,49.01111268540679,49.626747131347656,416954000
2023-11-15,49.90559139115929,49.93057437955693,48.1716126359303,48.85920715332031,475497000
2023-11-16,48.65033211773849,49.495834550251864,48.30153863182137,49.45085906982422,339756000
2023-11-17,49.49483149994882,49.687718627140484,48.978137690919475,49.26896667480469,325205000
2023-11-20,49.28295286302151,50.5182248537623,49.15202951055082,50.37930679321289,414120000
2023-11-21,50.096469472210146,50.48723796925796,49.19300270316688,49.91457748413086,565747000
2023-11-22,49.82263401876184,50.305347385214155,47.66190506313219,48.68730163574219,899420000
2023-11-24,48.44145141892708,48.89218598438888,47.71687617098167,47.747859954833984,294645000
2023-11-27,47.771840126632874,48.50140962414012,47.62392850332251,48.21358108520508,395662000
2023-11-28,48.20758789085354,48.29453844522679,47.445036828306066,47.79283142089844,401491000
2023-11-29,48.350510033061155,48.73328389544531,47.831814678443656,48.11164855957031,382005000
2023-11-30,47.99570985279465,48.08166154319405,46.3946561295748,46.74245071411133,526247000
2023-12-01,46.49759696256461,47.172198605670886,46.15979480379712,46.73745346069336,369317000
2023-12-04,46.04985595451796,46.04985595451796,44.9834831764298,45.48318862915039,437543000
2023-12-05,45.44321259326519,46.57664311757359,45.24831062993343,46.54266357421875,371718000
2023-12-06,47.19133394813323,47.363248618844615,45.38923628677336,45.48019027709961,380590000
2023-12-07,45.67709625491712,46.605631500937335,45.58114369836872,46.57264709472656,350823000
2023-12-08,46.57165024032382,47.7170758334867,46.52667080932443,47.48219299316406,359224000
2023-12-11,47.467203152590486,47.50718021067466,45.80703618949346,46.603633880615234,509728000
2023-12-12,46.02292498477765,47.642112036749815,46.02292498477765,47.63311767578125,372387000
2023-12-13,47.60513418472511,48.5696507647958,47.584144799570055,48.06390380859375,447792000
2023-12-14,48.36574456801119,48.64560300177105,47.3982312593091,48.32576370239258,391232000
2023-12-15,48.16984725179435,49.379239930936926,48.095883026170014,48.86549758911133,479948000
2023-12-18,49.37524392106738,50.40772334929845,49.12536921258584,50.051902770996094,412587000
2023-12-19,49.39922581544832,49.675088445454506,48.870491649793216,49.57913589477539,464444000
2023-12-20,49.63010830567033,49.97393763852956,48.07388957337245,48.086883544921875,397894000
2023-12-21,48.78653913884223,49.07039720846896,48.39473348540278,48.965450286865234,300425000
2023-12-22,49.17034549223245,49.35825100102085,48.44270969078598,48.8055305480957,252507000
2023-12-26,48.94345422311468,49.575137414585996,48.93545881250647,49.25429916381836,244200000
2023-12-27,49.486189463877416,49.65510348950808,49.06040044987627,49.392234802246094,233648000
2023-12-28,49.61812249458572,49.85899903094536,49.38723545621996,49.4971809387207,246587000
2023-12-29,49.78803546733378,49.97194517562977,48.726567424201626,49.4971809387207,389293000
2024-01-02,49.219320839141155,49.27029396888079,47.57114897451382,48.14385986328125,411254000
2024-01-03,47.46119704558236,48.15984414549974,47.29627884269962,47.5451545715332,320896000
2024-01-04,47.743062379627034,48.47569678347226,47.48419329239884,47.97394943237305,306535000
2024-01-05,48.43771523045836,49.52217057126956,48.281791365683425,49.07239532470703,415039000
2024-01-08,49.48718324562039,52.24879878540604,49.45419884123399,52.226806640625,642510000
2024-01-09,52.37474467579261,54.2977804134657,51.66409858423947,53.113372802734375,773100000
2024-01-10,53.58913202583644,54.57263625073542,53.462192955866946,54.32276153564453,533796000
2024-01-11,54.971434569987615,55.318260772566724,53.53315663291465,54.79452133178711,596759000
2024-01-12,54.59262399501641,54.94245086657465,54.302772237512634,54.682579040527344,352994000
2024-01-16,54.990429652443055,56.80651660434578,54.87248875685251,56.35374450683594,449580000
2024-01-17,56.318761351488625,56.442699756892196,54.71256826860131,56.02490997314453,474394000
2024-01-18,57.23130379027645,57.57113355960741,56.07888171171816,57.0783805847168,491650000
2024-01-19,57.95993551231964,59.470179816121735,57.19631847450879,59.461185455322266,543501000
2024-01-22,60.01890988818667,60.300770075677505,59.04040036289129,59.624107360839844,452955000
2024-01-23,59.54014893601341,59.879978713200884,58.555641913303255,59.84299850463867,294654000
2024-01-24,60.27377702467032,62.81749966312902,59.90795933203634,61.33124542236328,560271000
2024-01-25,62.31875115055073,62.687569516767255,60.81950289051068,61.58612060546875,482777000
2024-01-26,60.9294522339272,61.75204169203421,60.542648934033814,61.00041580200195,390309000
2024-01-29,61.20130545951208,62.45767534862726,60.876471418351414,62.43368911743164,348733000
2024-01-30,62.86848239210444,63.46118374572972,62.228799892784565,62.7425422668457,410735000
2024-01-31,61.40920802958089,62.23779495619412,60.66958101504,61.49616622924805,453795000
2024-02-01,62.06887734355602,63.159334010145514,61.61910590922887,62.99541473388672,369146000
2024-02-02,63.94193723275367,66.56662061369005,63.658079168244704,66.12684631347656,476578000
2024-02-05,68.19080896214494,69.46217469854224,67.17132346877767,69.29725646972656,680078000
2024-02-06,69.59510487406826,69.71904328530657,66.26677937017486,68.18881225585938,683111000
2024-02-07,68.28475901119934,70.1848072130282,67.56611760223609,70.0638656616211,495575000
2024-02-08,70.03886831926252,70.75850859222243,69.42018296485597,69.60608673095703,414422000
2024-02-09,70.49765087243433,72.14882343134643,70.17681258949254,72.09685516357422,436637000
2024-02-12,72.56361295434608,74.57360667156944,71.21429106971823,72.2117919921875,613710000
2024-02-13,70.36472691376362,73.41319410596859,69.58511896051495,72.09185791015625,602580000
2024-02-14,73.1653277390137,74.19880626705748,71.9019610905451,73.86297607421875,504917000
2024-02-15,73.83197350109086,73.93791554498753,72.36370812701128,72.62157440185547,420122000
2024-02-16,74.06286100719595,74.36471160286108,72.46466337072968,72.57660675048828,495327000
2024-02-20,71.91093504867314,71.91993322160957,67.70004938381788,69.41719055175781,704833000
2024-02-21,67.97191561607241,68.85347738557593,66.21480102707116,67.43818664550781,673755000
2024-02-22,74.98740205219113,78.53561836150196,74.1828051803666,78.49864196777344,865100000
2024-02-23,80.74950699510057,82.35269930987084,77.53111971760488,78.77749633789062,829388000
2024-02-26,79.66005756473585,80.60559027528652,78.46565670997347,79.0523681640625,503973000
2024-02-27,79.34121192660028,79.44016895851776,77.12332991849851,78.66155242919922,391705000
2024-02-28,77.58109150200869,78.89342920209931,77.08633690245391,77.62406921386719,393110000
2024-02-29,79.05436082688792,79.94990785839042,78.31073041631178,79.07234954833984,507289000
2024-03-01,79.95989790136245,82.25874801625466,79.39517868225165,82.23775482177734,479135000
2024-03-04,84.08783505356324,87.6510508748539,83.67704554275812,85.19428253173828,615616000
2024-03-05,85.23126463609206,86.05789246708638,83.37910949267872,85.9249496459961,520639000
2024-03-06,87.98202031125847,89.68324305114874,86.99046652196165,88.65970611572266,582520000
2024-03-07,90.11703886606277,92.7248547713437,89.56129169773,92.62689971923828,608119000
2024-03-08,95.09478711569938,97.3557607121787,86.46670414122495,87.48824310302734,1142269000
2024-03-11,86.38973999977979,88.75666054013853,84.12776749206648,85.73503875732422,678364000
2024-03-12,88.00901063110172,91.9182296909345,86.11087110664366,91.87125396728516,668075000
2024-03-13,91.0136265107917,91.46241999176601,88.39481424748416,90.8467025756836,635713000
2024-03-14,89.53630642599725,90.60482099682989,86.56065394827854,87.90404510498047,602318000
2024-03-15,86.89051059382359,89.5053195385714,86.2178197951128,87.7970962524414,642086000
2024-03-18,90.34693053361582,92.3630123531095,87.04542992766956,88.41481018066406,668976000
2024-03-19,86.66061131736247,90.50286685393166,84.97138422754449,89.35739135742188,672171000
2024-03-20,89.7562045087411,90.36893262675873,88.18292203943432,90.33094787597656,479063000
2024-03-21,92.25806799689252,92.60590946151324,90.3639246898217,91.3934555053711,480372000
2024-03-22,91.0995900463856,94.73493865721083,90.7927303211633,94.24616241455078,586719000
2024-03-25,93.89832441902517,96.72203796887115,93.46752046670314,94.9588394165039,552136000
2024-03-26,95.80744995656973,96.33121396198779,92.45997248331167,92.5189437866211,513648000
2024-03-27,93.06969894575073,93.1976391484463,89.08251272541551,90.20899963378906,586067000
2024-03-28,89.95910797996004,91.25852036781959,89.15247543816959,90.31494903564453,435212000
2024-04-01,90.25797890351257,92.18309875741171,89.16347516442184,90.32194519042969,452441000
2024-04-02,88.40781242384669,90.0530682986896,87.5801933164325,89.41136169433594,433064000
2024-04-03,88.44381388856061,90.3329548866708,88.35985240535257,88.92359161376953,370067000
2024-04-04,90.36492116364104,90.59282202260623,85.84097663074387,85.865966796875,434965000
2024-04-05,86.82653051798945,88.44080224771263,85.88696278429457,87.968017578125,399678000
2024-04-08,88.65969605555898,88.78964187058105,86.69259552509367,87.09341430664062,283220000
2024-04-09,87.40226463843116,87.59517772557601,82.98427507127602,85.3152084350586,501700000
2024-04-10,83.88787363370758,87.36029436616496,83.67096935278308,86.99945831298828,431929000
2024-04-11,87.38028930692866,90.69778195869354,86.88651802850721,90.57483673095703,431637000
2024-04-12,89.65824820701377,90.13403751700548,87.49023484155897,88.14593505859375,426805000
2024-04-15,89.0575303848312,90.57184164685279,85.88997105696288,85.9619369506836,443077000
2024-04-16,86.39373376393459,88.07796585968008,86.02490572525448,87.37528991699219,370453000
2024-04-17,88.29985504936586,88.73466257299502,83.91185045527357,83.99681854248047,495400000
2024-04-18,84.93140562762866,86.15085269192379,82.3645712871811,84.63253784179688,447260000
2024-04-19,83.11223818340684,84.28570097395453,75.57166564195786,76.16539001464844,875198000
2024-04-22,78.06852097112996,80.0366284086813,76.36530018483673,79.48188018798828,596341000
2024-04-23,80.73231101825336,82.7314025960764,80.22754314018754,82.38555908203125,438559000
2024-04-24,83.91186206206669,84.04380588258387,79.14702921409854,79.64080810546875,512208000
2024-04-25,78.83216944223621,83.28514753299602,78.18746579696108,82.59446716308594,424641000
2024-04-26,83.77992423775144,88.2908745755535,83.34912027499209,87.69514465332031,551011000
2024-04-29,87.55521122388173,87.95202643323648,85.22726679197825,87.7171401977539,388971000
2024-04-30,87.20037162224358,88.77865678653,86.26080377564183,86.36275482177734,363709000
2024-05-01,85.0383433055248,85.96092040406639,81.21807385271738,83.00326538085938,559863000
2024-05-02,84.41063276835533,86.19782250273573,83.16219963332766,85.77801513671875,377898000
2024-05-03,87.74911915331617,89.24043810826264,87.00045887297132,88.74866485595703,398341000
2024-05-06,89.34938632493116,92.17810238522513,89.01453944248995,92.09813690185547,376203000
2024-05-07,91.05660706952696,91.73929539036573,88.97055735995299,90.51285552978516,437342000
2024-05-08,89.44234711947476,91.15256830092393,89.37937220367726,90.37092590332031,325721000
2024-05-09,90.4878761275282,91.03062873527097,88.1909234816851,88.7066879272461,378013000
2024-05-10,90.26398145980926,91.35948429960405,89.18646818667818,89.83717346191406,335325000
2024-05-13,90.43689954348851,90.95666761749975,88.4887873274781,90.35794067382812,289680000
2024-05-14,89.55830082348145,91.60937070385219,88.89360196869727,91.31450653076172,296507000
2024-05-15,92.42998889004295,94.81890247189259,91.5573844071605,94.58700561523438,417735000
2024-05-16,94.86689143447046,95.7754751109485,94.06025117593339,94.3161392211914,323952000
2024-05-17,94.32613733717375,94.69696338532674,91.7642980099601,92.4369888305664,359691000
2024-05-20,93.70741519120496,95.15675349579068,93.39755844526998,94.73694610595703,318764000
2024-05-21,93.55647591838027,95.35666020460762,93.13766755607001,95.34266662597656,328946000
2024-05-22,95.41563946312446,95.97638165173369,93.20664422258311,94.90686798095703,548648000
2024-05-23,101.98165468043742,106.27170489938443,101.4738822009577,103.7518539428711,835065000
2024-05-24,104.40154485251333,106.42662538840617,102.95320565484818,106.4206314086914,429494000
2024-05-28,110.19392203047549,114.88678889703833,109.83308596330244,113.84925842285156,652728000
2024-05-29,112.99864721739439,115.4395315931238,110.85062138095752,114.77283477783203,557442000
2024-05-30,114.59792263255132,115.76639034201462,109.61318842752371,110.4498062133789,484553000
2024-05-31,112.46888826652346,112.66580500874058,106.89142858719954,109.58320617675781,613263000
2024-06-03,113.5693901392368,114.94776153564453,111.95212126824974,114.94776153564453,438392000
2024-06-04,115.66345152019048,116.54704511400006,113.99320515061707,116.38411712646484,403324000
2024-06-05,118.31722487581986,122.39336749547275,117.41463524122511,122.3843765258789,528402000
2024-06-06,123.99164893221229,125.5299513206976,118.26625399255828,120.94303894042969,664696000
2024-06-07,119.71559570112827,121.63672740368239,117.96839619109423,120.83309173583984,412386000
2024-06-10,120.31531947295237,123.04407498199869,116.95684528802722,121.73467254638672,313434100
2024-06-11,121.7246784169854,122.8242751394822,118.6958072896019,120.86500549316406,222551200
2024-06-12,123.01420123899119,126.83277933516129,122.52438572610106,125.15340423583984,299595000
2024-06-13,129.34183299573078,129.7516840309139,127.11266740076113,129.56175231933594,260704500
2024-06-14,129.9116488754234,132.7905668615139,128.27225972601377,131.8309326171875,309320400
2024-06-17,132.94052101290185,133.68023590303568,129.53178618492996,130.93125915527344,288504400
2024-06-18,131.09119107562512,136.2792618770274,130.64136160940566,135.529541015625,294335100
2024-06-20,139.74798663394793,140.70762089792785,129.47181280958608,130.73133850097656,517768400
2024-06-21,127.07268651484108,130.5813821684496,124.25373647196925,126.52288818359375,649445800
2024-06-24,123.19412790624048,124.41367504218907,117.99606639814192,118.0660400390625,476060900
2024-06-25,121.15488851140898,126.45291899832442,119.27559095881188,126.0430679321289,414192600
2024-06-26,126.08305489542055,128.0723121328984,122.55436989135586,126.35295867919922,362975900
2024-06-27,124.0538073233716,126.3629527063705,122.8742462250665,123.94384765625,252571700
2024-06-28,124.53364006899224,127.66247251115811,122.70431926304767,123.49402618408203,315516700
2024-07-01,123.42405307864779,124.79353836567705,118.78578041896601,124.25374603271484,284885500
2024-07-02,121.0849161012404,123.36407395616142,120.98495484371743,122.62434387207031,218374000
2024-07-03,121.61472281837746,128.2322540283203,121.31483142526585,128.2322540283203,215749000
2024-07-05,127.3325834560472,128.8020451346638,125.63321928620486,125.78316497802734,214176700
2024-07-08,127.44253270774867,130.72131795385047,126.99270329559334,128.1522674560547,237677300
2024-07-09,130.30150022676182,133.77021018974597,128.60212062869667,131.33111572265625,285366600
2024-07-10,133.98012482225403,135.0497339856147,132.37072330988062,134.85980224609375,248978600
2024-07-11,135.6994836774376,136.0993287251507,127.00272423823502,127.35259246826172,374782700
2024-07-12,128.2122786505662,131.87092070175893,127.17267226738277,129.19192504882812,252680500
2024-07-15,130.51140270339172,131.34109560506872,127.13266349593106,128.39219665527344,208326200
2024-07-16,128.39219298118343,128.99196049020554,124.53362918601508,126.3129653930664,214769500
2024-07-17,121.30483311779221,121.80464702237855,116.67655910688254,117.94608306884766,390086200
2024-07-18,121.80464110852073,122.35443942749386,116.51660933955519,121.044921875,320979500
2024-07-19,120.30521366365987,121.55474851190428,117.32632685631629,117.88611602783203,217223800
2024-07-22,120.30521088452835,124.02382772725001,119.81539537076715,123.49402618408203,258068900
2024-07-23,122.73430428762777,124.64359711208203,122.05455705517221,122.54437255859375,173911000
2024-07-24,119.12564059736765,119.90534904476712,113.39777769436101,114.20747375488281,327776900
2024-07-25,112.99792419777776,116.5865842364698,106.26043515376628,112.23820495605469,460067000
2024-07-26,116.14675363558489,116.15674442221705,111.53846898200278,113.01791381835938,293399100
2024-07-29,113.64768638350331,116.23671871019991,111.2585765650607,111.5484619140625,248152100
2024-07-30,111.4784927394089,111.94831904183755,102.5018390571419,103.69139862060547,486833300
2024-07-31,112.85797146215744,118.29594108970943,110.83871919064549,116.97643280029297,473174200
2024-08-01,117.4862607613273,120.11528690507727,106.77024891874801,109.16935729980469,523462300
2024-08-02,103.72137651325762,108.67952919207649,101.3322668230447,107.23006439208984,482027500
2024-08-05,92.02573599453234,103.37151801623692,90.65625074239716,100.41261291503906,552842400
2024-08-06,103.80134584558614,107.66990813072123,100.51257713442128,104.21119689941406,409012100
2024-08-07,107.76987337493198,108.75951041282163,98.65327249174283,98.8731918334961,411440400
2024-08-08,101.9620353134048,105.46073260357065,97.48369942630838,104.9309310913086,391910000
2024-08-09,105.60068194063821,106.5603237294343,103.39150538103131,104.71101379394531,290844200
2024-08-12,106.28043141146973,111.02866364109283,106.22045618169847,108.97942352294922,325559900
2024-08-13,112.3981514576694,116.18674170739067,111.53847094577725,116.09677124023438,312646700
2024-08-14,118.48588599342114,118.55585963676825,114.02754676709954,118.03605651855469,339246400
2024-08-15,118.71580500966671,123.1941334844724,117.42628417440801,122.81427764892578,318086700
2024-08-16,121.89460618048064,124.95346455222167,121.13488698056794,124.53362274169922,302589900
2024-08-19,124.23375671432139,129.95162963867188,123.37407609274109,129.95162963867188,318333600
2024-08-20,128.35220257999387,129.83166269656482,125.8431423095097,127.20263671875,300087400
2024-08-21,127.27261778490315,129.30186873034427,126.61286736853016,128.45217895507812,257883600
2024-08-22,129.9716160825352,130.70134013517236,123.05418563063326,123.6939468383789,376189100
2024-08-23,125.81315043381734,129.5517637458536,125.1733892777955,129.32183837890625,323230300
2024-08-26,129.5217841101186,131.2111423152786,124.32371486411647,126.41293334960938,331964700
2024-08-27,125.00346773520825,129.15191727923408,123.83389733541988,128.25225830078125,303134600
2024-08-28,128.0723157316594,128.28224429229948,122.59435936439931,125.5632553100586,448101100
2024-08-29,121.31483536128766,124.38369252727087,116.66656437657561,117.54623413085938,453023300
2024-08-30,119.48551326917712,121.70468827145996,117.17637542296369,119.32557678222656,333751600
2024-09-03,115.96682140906611,116.1667439153335,107.25006590844444,107.95980072021484,477155100
2024-09-04,105.37077350121302,113.2278412494732,104.08125268189775,106.17047119140625,372470300
2024-09-05,104.95092984837997,109.60919946821397,104.72101970496136,107.17010498046875,306850700
2024-09-06,107.99979292793853,108.10975260064535,100.9124275647732,102.79173278808594,413638100
2024-09-09,104.8409619618805,106.5103462006769,103.65141005409866,106.43037414550781,273912000
2024-09-10,107.7698680771714,109.3592802066297,104.910932028029,108.05976104736328,268283700
2024-09-11,109.3492805366119,117.14638014948389,107.38001262051282,116.86648559570312,441422400
2024-09-12,116.80650641923144,120.75537880467239,115.34692581517743,119.10585021972656,366052700
2024-09-13,119.04586602282129,119.92561101375162,117.56628692781244,119.06585693359375,238358300
2024-09-16,116.75651263492436,118.14611345715065,114.32720910628294,116.74651336669922,248772300
2024-09-17,118.13612413784692,118.76594842655497,114.7970852268969,115.5568618774414,231925900
2024-09-18,115.85676793047314,117.66624647223807,113.18753538354541,113.33749389648438,310318900
2024-09-19,117.31635695887289,119.62569992209964,117.21638715198857,117.83621215820312,293506400
2024-09-20,117.02644483175867,118.58600287786223,115.35692533181683,115.96675109863281,382462400
2024-09-23,116.51659472951452,116.9564634197924,114.82707671663402,116.22667694091797,206228500
2024-09-24,116.48659840876869,121.76509140434464,115.34692577819862,120.83535766601562,354966800
2024-09-25,121.98501577990396,124.90418446690079,121.57513728542474,123.47459411621094,284692900
2024-09-26,126.76365118817954,127.63339688941237,121.76508462125145,124.00444030761719,302582900
2024-09-27,123.93446689659378,123.99444725769884,119.22581786965418,121.36520385742188,271009200
2024-09-30,118.27608190267567,121.46516987339125,118.11613173565692,121.40518951416016,226553700
2024-10-01,121.7350904738439,122.4049042106216,115.7568089513518,116.96646118164062,302094500
2024-10-02,116.40662795721522,119.34578009653441,115.10699751736388,118.81593322753906,221845900
2024-10-03,120.88533415502995,124.3243504544059,120.30549859251518,122.81478118896484,277118000
2024-10-04,124.90418432860164,125.00415413490973,121.79507530101387,124.88418579101562,243678100
2024-10-07,124.95416700886946,130.60254885006705,124.91417756039569,127.68338775634766,346250200
2024-10-08,130.2226473652744,133.44172537204778,129.38289186465897,132.85189819335938,285722500
2024-10-09,134.0715417617464,134.48142784672734,131.34232891760084,132.61195373535156,246191600
2024-10-10,131.87218458812737,134.9612950129192,130.96244182735123,134.77134704589844,242311300
2024-10-11,133.97158567859756,135.74108264717918,133.62169514533127,134.76136779785156,170209500
2024-10-14,136.43089368651033,139.56000161928338,136.26094423310064,138.0304412841797,232347700
2024-10-15,137.8304782609884,138.53028982768672,128.70310551155586,131.56228637695312,377831000
2024-10-16,133.94159972519003,136.5808425435144,131.54229361922833,135.6811065673828,264879700
2024-10-17,139.30005999950754,140.84961880375567,136.83076670766295,136.8907470703125,306435900
2024-10-18,138.63024003343975,138.86016981880368,137.24063917112105,137.96043395996094,176090200
2024-10-21,138.090405825162,143.66880798339844,137.96043821210023,143.66880798339844,264554500
2024-10-22,142.86904559419827,144.37860733596548,141.73936457126644,143.54884338378906,226311600
2024-10-23,141.9892821435429,142.3891613712536,137.42060018656866,139.51998901367188,285930000
2024-10-24,140.77963709898057,141.30948393843238,138.42031305269128,140.3697509765625,172354900
2024-10-25,140.88959441527413,144.0886893234089,140.7596420534019,141.49942016601562,205122100
2024-10-28,142.95902137870084,143.09898064959424,140.00986979275078,140.479736328125,173586700
2024-10-29,140.2497716969522,142.2192081120129,138.86017082456863,141.20950317382812,157593600
2024-10-30,139.49998843906093,140.28977049571748,136.77077537646986,139.300048828125,179418100
2024-10-31,137.56056330274592,137.57055494467397,132.07213151004177,132.72193908691406,270039600
2024-11-01,134.6613944536623,137.2706470867555,134.53144208222884,135.36119079589844,207127800
2024-11-04,137.17067271068436,138.9201710380497,135.53114345978716,136.01100158691406,187528200
2024-11-05,137.41058693125512,140.32974787080795,137.29062621937655,139.86988830566406,160537400
2024-11-06,142.91903343153805,146.44802048986534,141.91932003814412,145.56826782226562,242043900
2024-11-07,146.3480493601011,148.88731477688594,146.12811118371621,148.83734130859375,207323300
2024-11-08,148.7273495355645,149.72706281958904,146.21805942983792,147.58767700195312,175665800
2024-11-11,148.63735542204353,148.80732009469307,143.52883547102425,145.2183380126953,182325600
2024-11-12,146.73790556674717,149.60707763368606,145.96812211424654,148.24746704101562,198634700
2024-11-13,149.02728904721945,149.2872090486766,145.85818403502842,146.22808837890625,191903300
2024-11-14,147.59766330614426,148.9572739334313,145.50826627914395,146.71791076660156,194463300
2024-11-15,144.8284560077565,145.19836028928967,140.03983617411208,141.9392852783203,250132900
2024-11-18,139.45999475223928,141.50940991238423,137.1106625740026,140.10980224609375,221205300
2024-11-19,141.2794937524248,147.08782570288798,140.94958652618317,146.9678497314453,227834900
2024-11-20,147.36774356025674,147.5176944558783,142.68907730947365,145.84817504882812,309871700
2024-11-21,149.30720000657334,152.84617867409492,140.65967008206871,146.62796020507812,400946600
2024-11-22,145.888140786496,147.11779901269117,141.05953942682146,141.90928649902344,236406200
2024-11-25,141.9492922301626,142.0092725854583,135.78106320516017,135.9810028076172,344941900
2024-11-26,137.66052777043362,139.26007526155422,135.63111085304342,136.88075256347656,190287700
2024-11-27,134.97128602051475,137.18065910710888,131.76221489663718,135.3011932373047,226370900
2024-11-29,136.74079305563075,139.31006372977,136.0110065692894,138.2103729248047,141863200
2024-12-02,138.79019534076207,140.40972595950504,137.78049042793322,138.5902557373047,171682800
2024-12-03,138.22037595856943,140.4997214017946,137.91046723010535,140.2198028564453,164414000
2024-12-04,141.95930442882306,145.74821154635353,140.2497877832653,145.09840393066406,231224300
2024-12-05,145.0784040292141,146.50808533514203,143.91865294893697,145.02841186523438,172621200
2024-12-06,144.56851457164973,145.66826585624298,141.27922253713282,142.4089813232422,188505600
2024-12-09,138.93972344033872,139.91950565348523,137.1001279875636,138.77975463867188,189308600
2024-12-10,138.97971741196267,141.78911819403848,133.76085313448985,135.04058837890625,210020900
2024-12-11,137.33007570041752,140.1394610798945,135.18055019628483,139.27964782714844,184905200
2024-12-12,137.05015122102654,138.4098556769623,135.77043117490655,137.31008911132812,159211400
2024-12-13,138.90974525213795,139.56960518418134,132.51112983721956,134.22076416015625,231514900
2024-12-16,134.1507548377073,134.37070812011547,130.39157963416955,131.9712371826172,237951100
2024-12-17,129.06188284882555,131.5613383936032,126.8323727744144,130.36160278320312,259410300
2024-12-18,133.83084634553458,136.67022414162827,128.2520598203989,128.88192749023438,277444500
2024-12-19,131.7312862928068,134.0007959707685,129.52177635647746,130.65151977539062,209719200
2024-12-20,129.7817201303188,135.25052978203578,128.19207015255643,134.670654296875,306528600
2024-12-23,136.25031123897003,139.75954112073697,135.09056027465786,139.6395721435547,176053500
2024-12-24,139.9695150682445,141.8690952419841,138.61980292789985,140.18946838378906,105157000
2024-12-26,139.6695752314167,140.81933395538283,137.70000300728188,139.89952087402344,116205600
2024-12-27,138.51983681592935,138.98973570413628,134.6806765533369,136.98016357421875,170582600
2024-12-30,134.80062832550155,140.23944563051566,133.99080722961983,137.46005249023438,167734700
2024-12-31,137.99994871496077,138.0399485497518,133.80086613446198,134.26075744628906,155659200
2025-01-02,135.97038221662075,138.84975989825128,134.60068545398187,138.27987670898438,198247200
2025-01-03,139.97950221326124,144.86843662681642,139.69956441393234,144.43853759765625,229322500
2025-01-06,148.55763229845726,152.12686204773377,147.78781099429082,149.39744567871094,265377400
2025-01-07,152.99665754898407,153.09664186378797,139.97948999458222,140.10946655273438,351782200
2025-01-08,142.54894625810496,143.91864297451565,137.5300354006173,140.07948303222656,227349900
2025-01-10,137.42007490895548,139.88953842521914,134.19078233209814,135.8804168701172,207602500
2025-01-13,129.96170394882952,133.46094192558937,129.4817974709377,133.20098876953125,204808900
2025-01-14,136.02036676060487,136.35029670610186,130.021673763493,131.73129272460938,195590500
2025-01-15,133.6208947252083,136.42028814155947,131.26140794998662,136.21034240722656,185217300
2025-01-16,138.6097963703303,138.7197730168145,133.46092441099125,133.54090881347656,209235600
2025-01-17,136.66022586007293,138.46982912838536,135.4304980750839,137.6800079345703,201188800
2025-01-21,139.1296971907641,141.79911388356058,137.0601406758009,140.79933166503906,197749000
2025-01-22,144.6285153116103,147.7578236263026,143.63872531436203,147.03799438476562,237651400
2025-01-23,145.0184168760411,147.19793483530896,143.68870466698334,147.1879425048828,155915500
2025-01-24,148.3376757009225,148.93755110518853,141.8490991802554,142.58892822265625,234657600
2025-01-27,124.77281833637456,128.37202500863236,116.67457662673027,118.39420318603516,818830900
2025-01-28,121.78346978934897,128.97190639273322,116.22468308647471,128.9619140625,579666400
2025-01-29,126.47245082309266,126.86236527865272,120.02385855553806,123.67305755615234,467120600
2025-01-30,123.07319063695674,124.97277839409357,118.07427950119299,124.62285614013672,392925500
2025-01-31,123.75304497053646,127.8221583994493,119.16404813082586,120.04385375976562,388161100
2025-02-03,114.72501007137596,118.54417785753162,112.98539113939225,116.63459777832031,371235700
2025-02-04,116.93452639047727,121.17360082598954,116.67458088005824,118.62416076660156,256550000
2025-02-05,121.73348714021286,124.97277944773282,120.733704904631,124.80281829833984,262230800
2025-02-06,127.39224223836113,128.74195426970414,125.18272455855072,128.65196228027344,251483600
2025-02-07,129.19184651154228,130.3415898450845,124.97276475304243,129.81170654296875,228186300
2025-02-10,130.06165595495793,134.97058996230598,129.93169464945112,133.54090881347656,216989100
2025-02-11,132.55113432807275,134.45071452657314,130.991476437857,132.77108764648438,178902400
2025-02-12,129.9916837727306,132.21120144058102,129.05188607934784,131.11143493652344,160278600
2025-02-13,131.53134519031366,136.4702717517269,131.1414307383845,135.26052856445312,197430000
2025-02-14,136.45026901957874,139.21966995740726,135.47048674490975,138.81976318359375,195479600
2025-02-18,141.239247408195,143.408773131914,137.89996298841217,139.36964416503906,219176600
2025-02-19,139.47961431944915,141.32921755912488,137.1901197103136,139.19967651367188,167536000
2025-02-20,139.9994986264957,140.62936628696042,136.7601988439899,140.07948303222656,143903600
2025-02-21,140.00948969645043,141.42919381606555,134.00080428998024,134.4007110595703,228217600
2025-02-24,136.53026411475935,138.55982089892026,130.05167928786804,130.2516326904297,251381100
2025-02-25,129.9516936613149,130.17164697857655,124.41290666278033,126.60242462158203,271428700
2025-02-26,129.96170661334043,133.7008826502409,128.46203316398234,131.2514190673828,322553800
2025-02-27,134.97060540054449,134.98059773119874,119.98387142553824,120.12384033203125,443175800
2025-02-28,117.99429297871988,125.06275289296238,116.37465068149442,124.89279174804688,389091100
2025-03-03,123.48310269608358,123.67305612882248,112.25554513947324,114.03515625,411381400
2025-03-04,110.62590357369604,119.28401358591904,110.0860202624711,115.96473693847656,398163300
2025-03-05,117.55439764571528,118.25424216283551,114.48506647308832,117.27445983886719,284337900
2025-03-06,113.50527582346177,115.32487918451908,110.1959990692751,110.5459213256836,321181900
2025-03-07,111.22576986878714,113.45528753337068,107.53657110597264,112.66545867919922,341755500
2025-03-10,109.87605754375717,111.82562964494369,105.43702244846195,106.95669555664062,366487400
2025-03-11,106.96669412251354,112.2155506077548,104.74717644545998,108.73631286621094,354865700
2025-03-12,114.10564961231475,116.74531696319002,112.8658000774832,115.7254409790039,323857500
2025-03-13,117.01527472285696,117.74518623487266,113.77568449740161,115.56546020507812,299033100
2025-03-14,118.59508095437823,121.86466627272753,118.13513973204245,121.65469360351562,277593500
2025-03-17,122.72455649146468,122.87453914631989,118.01514995099303,119.51496124267578,255501500
2025-03-18,117.98515020944649,119.00501849033903,114.52558655092061,115.41547393798828,299686900
2025-03-19,117.25523471702526,120.43483472433577,115.66543852758707,117.50520324707031,273426200
2025-03-20,116.53533674228605,120.18487133427746,116.4553449784264,118.51508331298828,248829700
2025-03-21,116.92528940681295,117.97515272195331,115.40547637665556,117.68518829345703,266498500
2025-03-24,119.86491568880827,122.20462527069279,119.32498270837338,121.39472961425781,228452500
2025-03-25,120.53483816820751,121.27474294212928,118.90503833586045,120.67481994628906,167447200
2025-03-26,118.7150653108018,118.82504445296345,112.69581844673802,113.74568939208984,293463300
2025-03-27,111.33598571474475,114.43559407181797,110.6460777346271,111.41597747802734,236902100
2025-03-28,111.47596724864877,112.85579846281165,109.05627362776653,109.65619659423828,229872500
2025-03-31,105.11677236112796,110.94604080353734,103.63696281055644,108.36636352539062,299212700
2025-04-01,108.50634668924769,110.18613567920701,106.45660912113902,110.13614654541016,222614000
2025-04-02,107.27650160670082,111.96591394846298,106.77656451707789,110.4061050415039,220601200
2025-04-03,103.49698496682684,105.61671347851724,101.58722150219326,101.78720092773438,338769400
2025-04-04,98.89756129670621,100.11740141914926,92.09841365005991,94.29813385009766,532273800
2025-04-07,87.44898959160196,101.73719167720878,86.60909899272106,97.6277084350586,611041300
2025-04-08,103.79693724960859,105.83668151314755,94.448115096381,96.28788757324219,476243400
2025-04-09,98.8775535578917,115.08551252786717,97.51772411084168,114.31561279296875,612918300
2025-04-10,109.3562417228181,110.84605211383005,99.13752639108027,107.55646514892578,437812400
2025-04-11,108.4863440509602,111.53596322542542,107.46647578597839,110.9160385131836,313417300
2025-04-14,114.09564149423704,114.27561914894163,109.0562747909433,110.6960678100586,264705000
2025-04-15,110.95604157012,113.6057097347757,110.48609947397975,112.18588256835938,228966900
2025-04-16,104.53685005598037,106.776566115048,100.43735975697352,104.47685241699219,397016900
2025-04-17,104.43685285244638,104.45685460754896,100.03741265575106,101.47722625732422,292517500
2025-04-21,98.75757087400713,99.42749238220217,95.02804439894429,96.89781188964844,288501100
2025-04-22,98.7675690784311,99.79743825075411,97.26775782667495,98.87755584716797,241004800
2025-04-23,104.50684469329865,104.78681586825162,102.0071592730487,102.69707489013672,247526000
2025-04-24,103.4669774804407,106.52658985205171,103.09702130913817,106.4166030883789,220815000
2025-04-25,106.83655988818872,111.90592192622726,105.71670563343305,110.99604034423828,251064700
2025-04-28,109.67619446115806,110.35610916663857,106.0066506499314,108.71631622314453,207708500
2025-04-29,107.65645038374015,110.18613082106049,107.42648359585715,109.00627899169922,170444300
2025-04-30,104.45685864823317,108.90629577636719,104.06690832142748,108.90629577636719,235044600
2025-05-01,113.06577112138011,114.92553765737502,111.28599634849851,111.59595489501953,236121500
2025-05-02,114.1656362648126,115.38548400726445,113.35574060530446,114.485595703125,190194800
2025-05-05,112.89579778060671,114.65557085202862,112.64582923459892,113.80567932128906,133163200
2025-05-06,111.46598025800552,114.72556468927546,110.8060596179303,113.52571868896484,158525600
2025-05-07,113.03578272910664,117.66519758488604,112.2658753138673,117.04527282714844,206758800
2025-05-08,118.23512643493164,118.66507265437788,115.83542678286972,117.35523986816406,198428100
2025-05-09,117.33523143311392,118.21512557823269,115.19550133583151,116.63532257080078,132972200
2025-05-12,121.95465837416761,122.98452758789062,120.26486852149502,122.98452758789062,225023300
2025-05-13,124.96428378706925,131.20349680462547,124.45434579721417,129.9136505126953,330430100
2025-05-14,133.18323739959362,135.4229610498005,131.66342437777934,135.32296752929688,281180800
2025-05-15,134.27309347043854,136.28285028501523,132.64330897356982,134.8130340576172,226632600
2025-05-16,136.20286928250525,136.3328578150344,133.44322189103337,135.38296508789062,226542500
2025-05-19,132.3733402168265,135.85289804232983,132.3733402168265,135.55294799804688,193154600
2025-05-20,134.27309787247168,134.56306993057714,132.60330981084104,134.36309814453125,161514200
2025-05-21,133.04325269152105,137.3827028648009,130.57356230685332,131.78341674804688,270608700
2025-05-22,132.21336282687446,134.23311300774128,131.53345568577518,132.81329345703125,187344000
2025-05-23,129.98365220977007,132.66330787048915,129.14376150329426,131.2734832763672,198821300
2025-05-27,134.13310453484723,135.64292419162265,133.2932139517279,135.48294067382812,192953600
2025-05-28,136.01289284806998,137.23274065219468,134.773043287045,134.7930450439453,304021100
2025-05-29,142.2321134030903,143.47196297724966,137.89266277883826,139.17250061035156,369241900
2025-05-30,138.7025513364048,139.6024320207408,132.9032778793795,135.11300659179688,333170900
2025-06-02,135.4729551269194,138.10261378714853,135.38295485750098,137.3627166748047,197663100
2025-06-03,138.76252943263086,141.9821253260672,137.93263208053457,141.2022247314453,225578800
2025-06-04,142.17211569309742,142.37208748278405,139.52243989492337,141.9021453857422,167120800
2025-06-05,142.15211531599257,143.98188696027037,138.81253909953503,139.97239685058594,231397900
2025-06-06,142.4920575502711,143.2519716576077,141.49218341482276,141.70216369628906,153986200
2025-06-09,143.17198765195985,144.98175749406252,141.9221449149421,142.612060546875,185114500
2025-06-10,142.6720500430919,144.27183958658884,141.51219232566982,143.94189453125,155881900
2025-06-11,144.6018435649776,144.9818270127783,141.8619926278542,142.8219451904297,167694000
2025-06-12,141.9619934165529,144.9918212890625,141.84200506767834,144.9918212890625,162365000
2025-06-13,142.47195608609783,143.57190012016565,140.84205843661482,141.9619903564453,180820600
2025-06-16,143.3419182543515,146.17174515794912,143.19191756263837,144.6818389892578,183133700
2025-06-17,144.48185167828373,145.2118062109318,143.77188503129375,144.1118621826172,139108000
2025-06-18,144.00186822839106,145.64177507521472,143.1119190601379,145.47178649902344,161494100
2025-06-20,145.4417889825313,146.1917466588846,142.6419439392267,143.84188842773438,242956200
2025-06-23,142.49196127355907,144.77183143330174,142.02198656661903,144.161865234375,154308900
2025-06-24,145.55178305584516,147.9516567694991,145.4917888831412,147.8916473388672,187566100
2025-06-25,149.2615908362584,154.44129154756814,149.2515816348226,154.30130004882812,269146500
2025-06-26,155.9711982969104,156.71116205301092,153.99131424314706,155.01126098632812,198145700
2025-06-27,156.03119384319848,158.7010567029259,155.25123904977087,157.74110412597656,263234500
2025-06-30,158.39105963903748,158.65105473929458,155.95121007936535,157.98109436035156,194580300
2025-07-01,156.28118836420296,157.19114075936278,151.4814709885328,153.29136657714844,213143600
2025-07-02,152.97137110311218,157.5911210146133,152.9613771597412,157.2411346435547,171224100
2025-07-03,158.36106240246136,160.97091579811564,157.76110539966962,159.3310089111328,143716100
2025-07-07,158.19107281354107,159.3010108082469,157.33112071622008,158.2310791015625,140139000
2025-07-08,159.32102164925746,160.21097087662494,158.3810721884118,159.99098205566406,138133000
2025-07-09,161.2109090473586,164.41072552837133,161.15091487239096,162.87081909179688,183656400
2025-07-10,164.31074810125853,164.4907306346819,161.6008940928153,164.09075927734375,167704100
2025-07-11,163.71077623333997,167.88053943905462,163.4607903198708,164.91070556640625,193633300
2025-07-14,165.36067502496692,165.48067863727533,162.0108729824689,164.06076049804688,136975800
2025-07-15,171.18034650685541,172.39026971263084,169.19045325951484,170.69036865234375,230627400
2025-07-16,171.05035621730414,171.74031976856003,168.89047429804987,171.36033630371094,158831500
2025-07-17,172.01030913929756,174.15018791751396,170.82037376702192,172.99024963378906,160841100
2025-07-18,173.63021019833226,174.24017641906912,171.2503394915346,172.40028381347656,146456400
2025-07-21,172.7402639749064,173.37023335124513,170.99036260323587,171.37034606933594,123126100
2025-07-22,171.33033873133073,171.38033896465845,164.5707252526767,167.0205841064453,193114300
2025-07-23,169.52044095634585,171.25033914956657,167.96053134785282,170.77037048339844,154082200
2025-07-24,172.43027959809626,173.82020061413024,171.29034448608226,173.73020935058594,128984600
2025-07-25,173.60021352539138,174.71015156060187,172.9502562716434,173.49021911621094,122316800
2025-07-28,174.0101941822023,176.9900219174052,173.96019394928393,176.7400360107422,140023500
2025-07-29,177.94996552058157,179.36988356772682,175.01012896550742,175.50009155273438,154077500
2025-07-30,176.50004870661488,179.87986313645385,176.03007396904806,179.25990295410156,174312200
2025-07-31,182.88968537366165,183.28967198380855,175.92007699286586,177.85997009277344,221685400
2025-08-01,174.08017933113513,176.53003812303805,170.88036283204175,173.710205078125,204529000
2025-08-04,175.150129411279,180.18983857913796,174.5101661001552,179.98985290527344,148174600
2025-08-05,179.6098628583566,180.24982614601393,175.8900714807458,178.24993896484375,156407600
2025-08-06,176.32005948301483,179.88985025482887,176.2400621628547,179.40988159179688,137192300
2025-08-07,181.5597693442696,183.86963665167795,178.78992126086553,180.7598114013672,151878400
2025-08-08,181.5397681998595,183.2896695438941,180.3898238761652,182.689697265625,123396700
2025-08-11,182.0397344504628,183.82962677132744,180.23983292857787,182.0497283935547,138323200
2025-08-12,182.94968779347354,184.46959107996432,179.4498851930147,183.14967346191406,145485700
2025-08-13,182.60969839497247,183.95962838065756,179.33989375414814,181.5797576904297,179871700
2025-08-14,179.73985890356857,183.0096786896392,179.44988197821397,182.00973510742188,129554000
2025-08-15,181.86974661621798,181.88973450248375,178.02995160113952,180.4398193359375,156602200
2025-08-18,180.58981649127065,182.92968080449612,180.5798072904055,181.99972534179688,132008000
2025-08-19,182.41970688751834,182.4897102645763,175.48011099603517,175.63009643554688,185229200
2025-08-20,175.1601234390134,175.99007848098316,168.79048741289236,175.39010620117188,215142700
2025-08-21,174.8401410010552,176.89001313294924,173.80019113380274,174.97012329101562,140040900
2025-08-22,172.60026380920357,178.57992220965232,171.19033968434712,177.97996520996094,172789400
2025-08-25,178.3399565343825,181.89975349617023,176.56005805348863,179.79986572265625,163012800
2025-08-26,180.04984011627135,182.379710508586,178.79991063056144,181.75975036621094,168688200
2025-08-27,181.96973565618129,182.47971666734583,179.0899084065932,181.5897674560547,235518900
2025-08-28,180.80980830742462,184.45959632874283,176.40005338826177,180.1598358154297,281787800
2025-08-29,178.099952232122,178.13994326196564,173.14022534545884,174.170166015625,243257900
2025-09-02,169.99041567915194,172.37028638119727,167.2105736316213,170.77037048339844,231164900
2025-09-03,171.0503597309562,172.40028977270214,168.8704898798795,170.61038208007812,164424900
2025-09-04,170.56039467979372,171.85031526705663,169.40045639085815,171.65032958984375,141670100
2025-09-05,168.02052717453523,169.02047080600087,164.06075893837155,167.01058959960938,224441400
2025-09-08,167.5405549408978,170.95036631358883,167.34056927044318,168.30050659179688,163769100
2025-09-09,169.08046220477644,170.97035502688004,166.7306038641957,170.7503662109375,157548400
2025-09-10,176.63004377208136,179.2798883121013,175.46011154547278,177.32000732421875,226852000
2025-09-11,179.67999267578125,180.27999877929688,176.47999572753906,177.1699981689453,151159300
2025-09-12,177.77000427246094,178.60000610351562,176.4499969482422,177.82000732421875,124618700
2025-09-15,175.6699981689453,178.85000610351562,174.50999450683594,177.75,146814700
