headline,posted_date,impact_date,reported_pct_change,actual_pct_change,diff_pct
"The Score: Nvidia, Tesla, Nike and More Stocks That Defined the Week",2025-03-21,2025-04-10,-0.0861,"Ticker
NVDA   -0.086066
dtype: float64","Ticker
NVDA    0.000034
dtype: float64"
"Analysts make Nvidia, AMD predictions ahead of Consumer Electronics Show",2025-01-04,2025-01-28,-0.1368,"Ticker
NVDA   -0.136786
dtype: float64","Ticker
NVDA    0.000014
dtype: float64"
Nvidia and Pasqal: combining two technologies,2025-03-21,2025-04-10,-0.0861,"Ticker
NVDA   -0.086066
dtype: float64","Ticker
NVDA    0.000034
dtype: float64"
Cerence Inc. (CRNC): Among The Companies That Partnered With NVIDIA This Month,2025-01-09,2025-01-31,-0.1165,"Ticker
NVDA   -0.116548
dtype: float64","Ticker
NVDA   -0.000048
dtype: float64"
2 Vanguard ETFs That Have Crushed the Market This Year,2025-04-25,2025-06-09,0.2848,"Ticker
NVDA    0.284839
dtype: float64","Ticker
NVDA    0.000039
dtype: float64"
